{
  "name": {
    "precision": 1.0,
    "recall": 0.6666666666666666,
    "f1-score": 0.8,
    "support": 6,
    "confused_with": {}
  },
  "mood": {
    "precision": 1.0,
    "recall": 1.0,
    "f1-score": 1.0,
    "support": 5,
    "confused_with": {}
  },
  "micro avg": {
    "precision": 1.0,
    "recall": 0.8181818181818182,
    "f1-score": 0.9,
    "support": 11
  },
  "macro avg": {
    "precision": 1.0,
    "recall": 0.8333333333333333,
    "f1-score": 0.9,
    "support": 11
  },
  "weighted avg": {
    "precision": 1.0,
    "recall": 0.8181818181818182,
    "f1-score": 0.890909090909091,
    "support": 11
  }
}